INSERT INTO T7_INCIDENT VALUES('701001','Weather damage','2019-07-09','This policy requests that drivers do not call police after an accident if no serious injuries or damages occurred');
INSERT INTO T7_INCIDENT VALUES('701002','drunken driving','2014-01-20','Accidental damages or liability caused due to the driver being under the influence of alcohol is not covered by the insurance.');
INSERT INTO T7_INCIDENT VALUES('701003','mechanical breakdown','2014-01-07','Mechanical breakdown insurance covers major failures that can occur in your car, which is often excluded in basic auto insurance. Whether its bad brakes, transmission issues or electrical system or any other major vehicle system malfunctions, MBI covers the repairs to get it fixed');
INSERT INTO T7_INCIDENT VALUES('701004','self ignition','2006-11-14',"Third-party car insurance cover will pay for any fiscal liability and will also from claims arising from a third party when the insured\'s vehicle is at fault fire, explosion, self-ignition");
INSERT INTO T7_INCIDENT VALUES('701005','natural calamity','2014-11-21','A comprehensive car insurance policy provides coverage against damages or losses caused due to almost all natural disasters, which means you don\'t have to buy individual plans for each one of them.');
INSERT INTO T7_INCIDENT VALUES('701006','auto liability coverage','2015-04-09','Auto liability insurance coverage helps cover the costs of the other driver\'s property and bodily injuries if you\'re found at fault in an accident. If you have liability insurance, your insurance provider will cover costs for the driver\'s damaged car, minus your deductible, and up to your covered limit');
INSERT INTO T7_INCIDENT VALUES('701007','Floods Damage','2015-11-17', 'In case you have a basic comprehensive plan, it will cover partial losses due to flood. It will not cover loss to the engine');
INSERT INTO T7_INCIDENT VALUES('701008','damage of the engine','2019-10-21','The damage of the engine will not be covered in insurance policy');
INSERT INTO T7_INCIDENT VALUES('701009','lightning','2006-08-15','Your standard homeowners and business insurance policies, and the comprehensive portion of an auto insurance policy cover damages—such as a fire—that results from a lightning strike.');
INSERT INTO T7_INCIDENT VALUES('701010','windshield damage','2018-06-15','Windscreen damage in your vehicle would be considered a comprehensive claim. If you\'ve purchased comprehensive car insurance, it\'ll cover the damage to the windscreen; however, if you have opted for the third-party liability coverage, it will not cover damages to your car.');
INSERT INTO T7_INCIDENT VALUES('701011','burglar','2009-10-15', 'Burglary insurance policy offers compensation for loss and damage resulting from a burglary attempt in your premises');
INSERT INTO T7_INCIDENT VALUES('701012','Comprehensive Insurance','2016-04-04','Comprehensive car insurance is an extensive car insurance plan that covers the insured vehicle against third-party liabilities and own damage. It also safeguards the insured car from man-made disasters including theft, accident, incursion, burglary, fire, etc');
INSERT INTO T7_INCIDENT VALUES('701013','Personal Injury','2019-01-01','Personal accident insurance is a policy that can reimburse your medical costs, provide compensation in case of disability or death caused by accidents');
INSERT INTO T7_INCIDENT VALUES('701014','Collision Coverage','2004-08-23','Collision insurance is auto coverage that reimburses the insured for damage sustained to their personal automobile');
INSERT INTO T7_INCIDENT VALUES('701015','nuclear perils','2012-03-02', 'A nuclear hazards clause is policy language in property insurance that excludes coverage for any damage resulting from nuclear activity. The clause does not exclude normal events caused by nuclear activity, such as fires or theft');
INSERT INTO T7_INCIDENT VALUES('701016','Fire','2011-10-03','The policy delivers cover against any kind of damage caused due to a fire-related accident; however, it does not cover for damages or destruction caused to the property insured by own natural heating, fermentation, spontaneous combustion');
INSERT INTO T7_INCIDENT VALUES('701017', 'vehicle stops in the middle of the road','2019-08-19','If your vehicle stops in the middle of the road, the insurance company will come to your rescue. You will get assistance so that the vehicle can be moved to the nearest service station very easily.');
INSERT INTO T7_INCIDENT VALUES('701018','Aggravated damage','2017-07-28','Damages to provide compensation for mental distress or injury to feelings caused by the manner or motive with which a wrong was committed or by the defendant’s conduct subsequent to the wrong');
INSERT INTO T7_INCIDENT VALUES('701019','external explosion','2008-05-23',"Most home and contents insurance covers you for damage caused by fire, including bushfire. Generally, a flame has to cause the damage");
INSERT INTO T7_INCIDENT VALUES('701020','Theft','2003-10-07','Theft insurance is an insurance policy that protects against burglary, robbery and other kinds of thefts. This insurance compensates the insured from loss incurred due to theft. You can cover the risk of theft in your premises with a theft insurance policy.');



INSERT INTO T7_CUSTOMER VALUES (702001, 'Narendra', 'Damodar','1999-10-23' ,'M','Lucknow ',2207568394 ,'18bcs08s4299@iitdwd.ac.in ', 7196758364,'Single', 21);
INSERT INTO T7_CUSTOMER VALUES (702002, 'Sumit', 'Sai Buddhe','1999-07-23' ,'M','Banglore ',8007548394 ,'18bcs201@iitdwd.ac.in ', 7696758366,'Divorced', 21);
INSERT INTO T7_CUSTOMER VALUES (702003, 'Sachin', 'Gupta','1999-11-23' ,'F','Pune ',5507568394 ,'18bcs4200@iitdwd.ac.in ', 6496758364,'Divorced', 21);
INSERT INTO T7_CUSTOMER VALUES (702004, 'Ankit', 'Rajpoot','1998-07-23' ,'M','Mumbai ',8307468394 ,'18bcs007@iitdwd.ac.in ', 7666758364,'Single', 22);
INSERT INTO T7_CUSTOMER VALUES (702005, 'Tushar', 'Yadav','1999-08-23 ','M','Banglore ',8807568394 ,'18bcs106@iitdwd.ac.in ', 7496758664,'Divorced', 21);
INSERT INTO T7_CUSTOMER VALUES (702006, 'Shad', 'Akhtar','1999-07-23' ,'M','Banglore ',9007568394 ,'18bcs420@iitdwd.ac.in ', 7496756564,'Divorced', 21);
INSERT INTO T7_CUSTOMER VALUES (702007, 'Sufyan', 'Ahmed','1999-06-23' ,'M','Banglore ',7007568394 ,'18bcs220@iitdwd.ac.in ', 7496666664,'Married', 21);
INSERT INTO T7_CUSTOMER VALUES (702008, 'ShadKhat', 'khan  ','1999-07-23' ,'F','Hyderabad ',7707568394 ,'18bcs109@iitdwd.ac.in ', 6696658364,'Single', 21);
INSERT INTO T7_CUSTOMER VALUES (702009, 'Narendra', 'Modi','1999-07-23' ,'M','Banglore ',3307568394 ,'18bcs0769@iitdwd.ac.in ', 7396758364,'Divorced', 21);
INSERT INTO T7_CUSTOMER VALUES (702010, 'Abhishek', 'Yadav','1997-10-23' ,'F','Kolkata ',6607568394 ,'18dudh098@iitdwd.ac.in ', 6696758364,'Divorced', 23);
INSERT INTO T7_CUSTOMER VALUES (702011, 'Shantanu ', 'Tripathi ','1999-12-04' , 'M','Ayodhya ',9696969696 ,'18bcs116@iiitdwd.ac.in ', 6583947362, 'Married ', 21 );
INSERT INTO T7_CUSTOMER VALUES (702012, ' Jayesh ', 'Shrivastav','1999-12-23' ,'M','Banglore ',4407568394 ,'18bcs01890@iitdwd.ac.in ', 7496765364,'Divorced', 21);
INSERT INTO T7_CUSTOMER VALUES (702013, 'Sachin', 'Verma','1999-04-23' ,'M','Banglore ',4007568394 ,'18bcs085@iitdwd.ac.in ', 7666658364,'Divorced', 21);
INSERT INTO T7_CUSTOMER VALUES (702014, 'ShadPat', 'shah  ','1998-09-23' ,'F','Banglore ',9907568394 ,'18bcs0108@iitdwd.ac.in ', 7496658364,'Divorced', 22);
INSERT INTO T7_CUSTOMER VALUES (702015, 'Prabhdeep', 'Parmar','1999-05-23 ','M','Banglore ',6007568394 ,'18bcs068@iitdwd.ac.in ', 7496658364,'Divorced', 21);
INSERT INTO T7_CUSTOMER VALUES (702016, 'Rishabh', 'Dwivedi','1967-07-01', 'M','Ayodhya',7406681380,'18bcs078@iiitdwd.ac.in', 7406681380, 'Single', 20 );
INSERT INTO T7_CUSTOMER VALUES (702017, 'Antonio', 'Maino','1967-07-23' ,'M','Lucknow ',1107568394 ,'18bcs0843999@iitdwd.ac.in ', 7496458364,'Married', 53);
INSERT INTO T7_CUSTOMER VALUES (702018, 'Yogi', 'Adityanath','1999-07-23' ,'M','Banglore ',1007568394 ,'18bcs099@iitdwd.ac.in ', 7436758364,'Divorced', 21);
INSERT INTO T7_CUSTOMER VALUES (702019, 'Narendra', 'Das','2000-07-23' ,'M','Pune ',1107568394 ,'18bcs034888@iitdwd.ac.in ', 7126758364,'Divorced', 20);
INSERT INTO T7_CUSTOMER VALUES (702020, 'Rahul', 'Gandhi','1999-07-23' ,'M','Banglore ',2107568394 ,'12falied@iitdwd.ac.in ', 7496658364,'Divorced', 21);


INSERT INTO T7_INCIDENT_REPORT  VALUES('703001','burglar','Saurabh Kaushal',80000,'some parts are missing.','701011','702007');
INSERT INTO T7_INCIDENT_REPORT  VALUES('703002','Collision Coverage','Babu Sharma',30000,'Car\'s engine and headlight is destroyed due to Collision','701014','702003');
INSERT INTO T7_INCIDENT_REPORT  VALUES('703003','drunken driving','Tera Singh',56000,'drunken driver has ruined the car and killed 50 people','701002','702010');
INSERT INTO T7_INCIDENT_REPORT  VALUES('703004','Fire','Kahani Verma',75000,'Two men died due to Fire.','701016','702001');
INSERT INTO T7_INCIDENT_REPORT  VALUES('703005','nuclear perils','Ajay Surya',800000,'due to nuclear explosion vehicle\'s parts are destroyed, only engine is left','701015','702008');
INSERT INTO T7_INCIDENT_REPORT  VALUES('703006','external explosion','Marlo Dhillo',98000,'due to gas explosion vehicle was severly damaged ','701019','702006');
INSERT INTO T7_INCIDENT_REPORT  VALUES('703007','lightning','Shreyansh Singh',75000,'due to lightning vehicle got burnt','701009','702004');
INSERT INTO T7_INCIDENT_REPORT  VALUES('703008','self ignition','Albie Morkel',90000,'car starts automatically and causing severe fuel drain and power and reducing efficienty more likely mechanical error','701004','702005');
INSERT INTO T7_INCIDENT_REPORT  VALUES('703009','mechanical breakdown','Abbas Mastan',45000,'due to some mechanical breakdown vehicle is destroyed','701003','702009');
INSERT INTO T7_INCIDENT_REPORT  VALUES('703010','Theft','Surya Naidu',200000,'In night, someone stole my vehicle','701020','702002');
INSERT INTO T7_INCIDENT_REPORT  VALUES('703011','Natural calamity','Swasti',2400000,'Vehicle damaged due to natural calamity','701005','702011');
INSERT INTO T7_INCIDENT_REPORT  VALUES('703013','Flood','Ghodasala',1499999,'Due to flood car is gone.','701007','702013');
INSERT INTO T7_INCIDENT_REPORT  VALUES('703014','Comprehensive','Shantanu Tripath',249999,'No description necessary','701012','702014');
INSERT INTO T7_INCIDENT_REPORT  VALUES('703018','Weather','Krishna Kumar',149999,'Windsheild broken','701001','702018');
INSERT INTO T7_INCIDENT_REPORT  VALUES('703015','Aggravated','Tej Bahadur',16999,'Highly exceptional case','701018','702015');
INSERT INTO T7_INCIDENT_REPORT  VALUES('703019','vehicle stops in middle of road','Varun Mehto',12999,'Mechanical defect','701017','702019');
INSERT INTO T7_INCIDENT_REPORT  VALUES('703020','damage of the engine','Umesh Yadav',54999,'Engine burst out to due to accident','701008','702020');
INSERT INTO T7_INCIDENT_REPORT  VALUES('703017','Personal Injury','Baba nirala',649999,'Person died in accident','701013','702017');
INSERT INTO T7_INCIDENT_REPORT  VALUES('703012','auto liability','Shad Akhtar',249999,'Two people were racing and clashed','701006','702012');
INSERT INTO T7_INCIDENT_REPORT  VALUES('703016','windsheild damage','Rishabh Dwivedi',15999,'Due to tornado windsheild has been damaged','701010','702016');




INSERT INTO T7_INSURANCE_COMPANY VALUES('Exide Life Insurance Co. Ltd.','Exide Insurance Company Limited 2nd Floor, Peninsula Tower, A Wing Peninsula Corp. Park, G. K. Marg Lower Parel, Mumbai - 400 013',1800754123127,5565454752020,'exide@help.com','exideVehicle.com', 'Mumbai','exideVehicleoffice','exide guptarghat Branch');
INSERT INTO T7_INSURANCE_COMPANY VALUES('Life Insurance Corporation of India','Hno 6-130, 1st Floor Above ING Vysya Bank Market Road Guptarghat Delhi',18002097272,02066026789,'customercare@lic.co.in','https://www.lic.com','pune',' Lic_Insurance_Management',' LIC Naka Branch');
INSERT INTO T7_INSURANCE_COMPANY VALUES('TATA AIA Life Insurance Co. Ltd.','2nd Floor Jagtial 505327',18005522552,021155779,'tata@gmail.com','www.tata.com','jagtial','tatadigital','tata ramkipairdi Branch');
INSERT INTO T7_INSURANCE_COMPANY VALUES('IDBI Federal Life Insurance Co. Ltd.','1st Floor, 7-1-21A, Raj Bhavan Rd, opp. Vehiclestyle Building, beside Vinn Hospital APDL Estates, Begumpet, Ayodhya, Telangana 500016',18060505087610020,556806820,'IDBI@help.com','IDBI.com','Ayodhya','IDBIoffice','IDBI Reedganj Branch');
INSERT INTO T7_INSURANCE_COMPANY VALUES('Future Generali India Life Insurance Co. Ltd.','130, Unit No. 1904, 19th Floor, Parinee Crescenzo, G Block, Bandra',18060565020,5505650022020,'Future@help.com','FutureVehicle.com','Mumbai','FutureVehicleoffice','FutureVehicleoffice Niyawan Chauraha Branch');
INSERT INTO T7_INSURANCE_COMPANY VALUES('Aviva Life Insurance Company India Ltd.','Aviva Centre, 5th floor, Off Western Express Highway, Santacruz East, Mumbai, Mumbai-City district, Maharashtra-400055',18068168110020,55540542020,'AvivaVehicle@help.com','avivaVehicle.com','Mumbai','avivaVehicleoffice','Aviva Gokul Bhavan Branch');
INSERT INTO T7_INSURANCE_COMPANY VALUES('Sahara India Life Insurance Co. Ltd.','Towers, Sector Road, Opposite Golf Course, DLF Phase V, Sector 43, Gurgaon – 122003.',1858406843500,5684620,'SaharaVehicle@help.com','SaharaVehicle.com','Gurgaon','SaharaVehicleoffice','Sahara Raiganj Branch');
INSERT INTO T7_INSURANCE_COMPANY VALUES('PNB MetLife India Insurance Co. Ltd.','Pnb Office 7th Floor, "Natraj", MV Road & Western Express Highway Junction, Andheri (East) , Mumbai - 400 069',180571584020,5565871687,'pnb@help.com','pnbVehicle.com','Mumbai','pnbVehicleoffice','pnb sabjimandi Branch');
INSERT INTO T7_INSURANCE_COMPANY VALUES('SBI Life Insurance Co. Ltd.','Sbi 3rd, 11th and 12th Floor, DLF Square Building, Jacaranda Marg, DLF City Phase II, Gurugram (Haryana) - 122002',18601205577,122622020,'sbi@help.com','sbi.com','Gurugram','sbioffice','sbi nayaghat Branch');
INSERT INTO T7_INSURANCE_COMPANY VALUES('Aegon Life Insurance Co. Ltd.','206 & 207, 2nd Floor, Aditya Trade Center, 7-1-618, Ameerpet, Ayodhya, Telangana 500038',6804764554,184556622020,'AegonVehicle@help.com','AegonVehicle.com','Ayodhya','AegonVehicleoffice','Aegon Office Choti Devkali Branch');
INSERT INTO T7_INSURANCE_COMPANY VALUES('Pramerica Life Insurance Co. Ltd.','206 & 207, 2nd Floor, Aditya Trade Center, 7-1-618, Ameerpet, Ayodhya, Telangana 500038',1900010020,5566565220,'Pramerica@help.com','PramericaVehicle.com','Ayodhya','PramericaVehicleoffice','PramericaVehicleoffice Badi Devkali Branch');
INSERT INTO T7_INSURANCE_COMPANY VALUES('Aditya Birla Sun Life Insurance Co. Ltd.','Registered Office: 3rd Floor, JP Techno Park, No. 3/1, Millers Road, Bangalore- 560 001, India.',180014141414,02215454515,'Aditya@gmail.com','https://www.aditya.in/','Mumbai','Aditya Insurance Department','Aditya Hanuman Garhi Branch');
INSERT INTO T7_INSURANCE_COMPANY VALUES('Star Union Dai-Ichi Life Insurance Co. Ltd.','Office No.501- 520, on 5th floor, Bezzola Complex C.H.S. Ltd., S. No. 237, C.S. No. 353, 352/2, 353/3, 353/4, Sion Trombay Road,',19010020010020,5566889020,'StarVehicle@help.com','StarVehicle.com','Sion','StarVehicleoffice','Star Union Vidyakund Branch');
INSERT INTO T7_INSURANCE_COMPANY VALUES('HDFC Standard Life Insurance Co. Ltd.','One World Center, Tower 1, 16th Floor, Jupiter Mill Compound, 841, Senapati Bapat Marg, Elphinstone Road, Mumbai',18002707000,18002707000,'care.Vehicleinsurance@hdfc.lu','https://wwww.hdfc.lu','Mumbai ','HDFC Insurance Management','HDFC Tedhi Bazaar Branch');
INSERT INTO T7_INSURANCE_COMPANY VALUES('Canara HSBC Oriental Bank of Commerce Life Insurance Co. Ltd.','3-5-922 Sri Sai Balaji Residency, Near Narayanaguda Flyover, Ayodhya, Telangana 500029',6878605410620,68744545600,'Canara@help.com','CanaraVehicle.com','Ayodhya','CanaraVehicleoffice','CanaraVehicleoffice hanumanbagh Branch');
INSERT INTO T7_INSURANCE_COMPANY VALUES('Kotak Mahindra Life Insurance Co. Ltd.','1089 Appasaheb Marathe Marg, Prabhadevi, Mumbai ',18602667766,02545465451,'kotak@gmail.com','https://www.kotak.com/','Mumbai',' Kotak PruVehicle',' kotak LavkushNagar Branch');
INSERT INTO T7_INSURANCE_COMPANY VALUES('Reliance Nippon Life Insurance Company','Floor, Tower A, Peninsula Business Park, Senapati Bapat Marg, Lower Parel, Mumbai 400013',1881784560,555444220220,'reliance@help.com','relianceVehicle.com','Mumbai','relianceVehicleoffice','reliance durahi kauan Branch');
INSERT INTO T7_INSURANCE_COMPANY VALUES('Max Life Insurance Co. Ltd.','Lodha Excelus, 13th Floor, Apollo Mills Compound, N.M. Joshi Marg, Mahalaxmi, Mumbai',18002649777,NULL,'insurance@max.li','https://www.max.li/','Mumbai','Max Insurance Department','Max Insurance chowk Branch');
INSERT INTO T7_INSURANCE_COMPANY VALUES('Shriram Life Insurance Co. Ltd.','Bank Training Centre, Financial District, Gachibowli, Ayodhya, TG, India – 500032.',165806805520,5568470640620,'ShriramVehicle@help.com','ShriramVehicle.com','Ayodhya','ShriramVehicleoffice','Shriram Choti chawani Branch');
INSERT INTO T7_INSURANCE_COMPANY VALUES('Bajaj Allianz Life Insurance Co. Ltd.','Bajaj 2nd Floor, Plot # C- 12, G- Block, BKC, Bandra (E), Mumbai - 400 051',1800287867160,556622020,'BajajInsurance@help.com','BajajInsurance.com','Mumbai','BajajVehicleoffice','Bajaj kanakbhawan Branch');




INSERT INTO T7_DEPARTMENT VALUES 	
     ('Claims and audit loss Department', '705001', 'Bhavya verma', 'Bajaj Allianz Life Insurance Co. Ltd.'),
     ('Claims Department', '705002', 'Vedant Nirala', 'Reliance Nippon Life Insurance Company'),
     ('Underwriting Department', '705003', 'Rishabh Dwivedi', 'Exide Life Insurance Co. Ltd.'),
     ('Actuarial and Statistical Department', '705004', 'Akanksha Rajpoot', 'Canara HSBC Oriental Bank of Commerce Life Insurance Co. Ltd.'),
     ('Accounting Department', '705005', 'Akanksha Gupta', 'HDFC Standard Life Insurance Co. Ltd.'),
     ('Agency Department', '705006', 'Abhishek Bachhan', 'PNB MetLife India Insurance Co. Ltd.'),
     ('Illegal Department', '705007', 'Baba Nirala', 'TATA AIA Life Insurance Co. Ltd.'),
     ('Underwriting Department', '705008', 'Shruti Ladda', 'Kotak Mahindra Life Insurance Co. Ltd.'),
     ('Legal Department', '705009', 'Shad Akhtar', 'TATA AIA Life Insurance Co. Ltd.'),
     ('Marketing Department', '705010', 'Sachin Verma', 'SBI Life Insurance Co. Ltd.'),
     ('Underwriting Department', '705011', 'Tatya Tope', 'Max Life Insurance Co. Ltd.'),
     ('Audit Department', '705012', 'Amithabh Bachhan','Sahara India Life Insurance Co. Ltd.'),
     ('Legal Department', '705013', 'Ankit Chaddha', 'Aditya Birla Sun Life Insurance Co. Ltd.'),
     ('Legal Department', '705014', 'Jai Viru', 'Aviva Life Insurance Company India Ltd.'),
     ('Reinsurance Department', '705015', 'Sachin Rana','Aegon Life Insurance Co. Ltd.'),
     ('Legal Department', '705016', 'Krishna Kumar', 'Future Generali India Life Insurance Co. Ltd.'),
     ('Investment Department', '705017', 'Ananya Chaudhary', 'Star Union Dai-Ichi Life Insurance Co. Ltd.'),
	 ('Claims and audit Department', '705018', 'Budhauti Rajpoot', 'Shriram Life Insurance Co. Ltd.'),
     ('Audit Department', '705019', 'Paji Bhope', 'Pramerica Life Insurance Co. Ltd.'),
     ('Claims Department', '705020', 'Shantanu Tripathi', 'Exide Life Insurance Co. Ltd.')




INSERT INTO T7_VEHICLE_SERVICE VALUES     ('Claims and audit loss Department','V1','shillong','9945630045','Rishabh Dwivedi','platinum-version','705001',  'Bajaj Allianz Life Insurance Co. Ltd.');
INSERT INTO T7_VEHICLE_SERVICE VALUES    ('Claims Department','V2','Delhi', '9945610044','Shantanu Tripathi','gold-version','705002',  'Reliance Nippon Life Insurance Company');
INSERT INTO T7_VEHICLE_SERVICE VALUES    ('Underwriting Department','V3','Ayodhya','8945610045','Ramnath','gold-version','705003',  'Exide Life Insurance Co. Ltd.');
INSERT INTO T7_VEHICLE_SERVICE VALUES     ('Actuarial and Statistical Department','V4','Devra Kund','9945610545','Govind Nath','platinum-version','705004',  'Canara HSBC Oriental Bank of Commerce Life Insurance Co. Ltd.');
INSERT INTO T7_VEHICLE_SERVICE VALUES     ('Accounting Department','V5','delhi','9945610085', 'Brahma Nath','gold-version','705005',  'HDFC Standard Life Insurance Co. Ltd.');
INSERT INTO T7_VEHICLE_SERVICE VALUES     ('Agency Department','V6','himalaya','9945610345', 'Guru Nath','gold-version','705006','PNB MetLife India Insurance Co. Ltd.');
INSERT INTO T7_VEHICLE_SERVICE VALUES ('Illegal Department','V7','shimla','9945610045','Veer Nath','platinum-version','705007', 'TATA AIA Life Insurance Co. Ltd.');
INSERT INTO T7_VEHICLE_SERVICE VALUES     ('Underwriting Department','V8','jagannath puri','9945610048', 'Ravi nath', 'gold-version','705008', 'Kotak Mahindra Life Insurance Co. Ltd.');
INSERT INTO T7_VEHICLE_SERVICE VALUES    ('Legal Department','V9','kedarnath','9945610041','Shoor Nath','gold-version','705009',  'TATA AIA Life Insurance Co. Ltd.');
INSERT INTO T7_VEHICLE_SERVICE VALUES    ('Marketing Department','V10','faizabad','9945610040','Shaurya nath','platinum-version','705010','SBI Life Insurance Co. Ltd.');
INSERT INTO T7_VEHICLE_SERVICE VALUES    ('Underwriting Department','V11','Lucknow','9946610045','Shaurya nath','gold-version','705011', 'Max Life Insurance Co. Ltd.');
INSERT INTO T7_VEHICLE_SERVICE VALUES     ('Audit Department','V12','Sultanpur','9945110045', 'Rishabh Nath','platinum-version','705012','Sahara India Life Insurance Co. Ltd.');
INSERT INTO T7_VEHICLE_SERVICE VALUES     ('Legal Department','V13','Rikabganj','9945610075', 'Sanatan nath','platinum-version','705013', 'Aditya Birla Sun Life Insurance Co. Ltd.');
INSERT INTO T7_VEHICLE_SERVICE VALUES    ('Legal Department','V14','Prayagraj','9945699045', 'Kripa nath','platinum-version','705014', 'Aviva Life Insurance Company India Ltd.');
INSERT INTO T7_VEHICLE_SERVICE VALUES     ('Reinsurance Department','V15','Rewtiganj','9945615045', 'Kalyan Nath','gold-version','705015', 'Aegon Life Insurance Co. Ltd.');
INSERT INTO T7_VEHICLE_SERVICE VALUES     ('Legal Department','V16','Shimla','9945610049','Gurupal Nath', 'gold-version','705016', 'Future Generali India Life Insurance Co. Ltd.');
INSERT INTO T7_VEHICLE_SERVICE VALUES     ('Investment Department','V17','Jammu','9945610745','Dand Nath','gold-version','705017', 'Star Union Dai-Ichi Life Insurance Co. Ltd.');
INSERT INTO T7_VEHICLE_SERVICE VALUES    ('Claims and audit Department','V18','Indore','9945610043','Nil Nath','platinum-version','705018', 'Shriram Life Insurance Co. Ltd.');
